{"single": 0.34582788808801923, "double": -0.6827154944033551, "triple": -1.5783484986289635, "tetris": -2.103189389364163, "b2b": -5.226628062708393, "row_trans": -1.0079844907387046, "col_trans": -0.48306124344572643, "roughness": -0.8026786144040539, "covered_holes": -8.905727988677858, "bump_pen": 0.8391243903041978, "holes": 0.19630217429186358, "height": -0.4114788875906596, "max_h": 0.6039660672421636, "well_depth": 0.9927827647886535, "well_cells": -0.4438563152700654, "parity": -0.06205529227558015}